t,count,mean_rate,m1_rate,m5_rate,m15_rate,rate_unit
1594603256,145,36.189712,0.000000,0.000000,0.000000,events/second
1594603259,145,23.330985,0.000000,0.000000,0.000000,events/second
1594603262,145,15.784816,0.000000,0.000000,0.000000,events/second
1594603265,187,15.385041,0.000000,0.000000,0.000000,events/second
1594603268,236,15.360986,0.000000,0.000000,0.000000,events/second
1594603271,236,12.899102,0.000000,0.000000,0.000000,events/second
1594603274,323,15.254859,0.000000,0.000000,0.000000,events/second
1594603277,323,13.351673,0.000000,0.000000,0.000000,events/second
1594603280,323,11.846494,0.000000,0.000000,0.000000,events/second
1594603283,323,10.719472,0.000000,0.000000,0.000000,events/second
1594603286,323,9.755448,0.000000,0.000000,0.000000,events/second
1594603289,323,8.362578,0.000000,0.000000,0.000000,events/second
1594603292,323,8.219748,0.000000,0.000000,0.000000,events/second
1594603295,323,7.650964,0.000000,0.000000,0.000000,events/second
1594603298,323,7.165471,0.000000,0.000000,0.000000,events/second
1594603301,323,6.714989,0.000000,0.000000,0.000000,events/second
1594603304,323,6.315441,0.000000,0.000000,0.000000,events/second
1594603307,323,5.973545,0.000000,0.000000,0.000000,events/second
1594603310,323,5.659879,0.000000,0.000000,0.000000,events/second
1594603313,323,5.342279,0.000000,0.000000,0.000000,events/second
1594603316,323,5.119967,0.000000,0.000000,0.000000,events/second
1594603319,323,4.888752,0.000000,0.000000,0.000000,events/second
1594603322,323,4.678939,0.000000,0.000000,0.000000,events/second
1594603325,323,4.483979,0.000000,0.000000,0.000000,events/second
1594603328,323,4.304892,0.000000,0.000000,0.000000,events/second
1594603331,323,4.137053,0.000000,0.000000,0.000000,events/second
1594603334,323,3.985174,0.000000,0.000000,0.000000,events/second
1594603337,323,3.842179,0.000000,0.000000,0.000000,events/second
1594603340,323,3.710796,0.000000,0.000000,0.000000,events/second
1594603343,323,3.587421,0.000000,0.000000,0.000000,events/second
1594603346,323,3.472102,0.000000,0.000000,0.000000,events/second
1594603349,323,3.363628,0.000000,0.000000,0.000000,events/second
1594603352,323,3.261407,0.000000,0.000000,0.000000,events/second
1594603355,323,3.165884,0.000000,0.000000,0.000000,events/second
1594603358,323,3.075488,0.000000,0.000000,0.000000,events/second
1594603361,323,2.989024,0.000000,0.000000,0.000000,events/second
1594603364,323,2.908110,0.000000,0.000000,0.000000,events/second
1594603367,323,2.831305,0.000000,0.000000,0.000000,events/second
1594603370,323,2.759100,0.000000,0.000000,0.000000,events/second
1594603373,323,2.691071,0.000000,0.000000,0.000000,events/second
1594603376,323,2.625490,0.000000,0.000000,0.000000,events/second
1594603379,323,2.562724,0.000000,0.000000,0.000000,events/second
1594603382,323,2.503179,0.000000,0.000000,0.000000,events/second
1594603385,323,2.446214,0.000000,0.000000,0.000000,events/second
1594603388,323,2.391489,0.000000,0.000000,0.000000,events/second
1594603391,323,2.339954,0.000000,0.000000,0.000000,events/second
1594603394,323,2.289996,0.000000,0.000000,0.000000,events/second
1594603397,323,2.242594,0.000000,0.000000,0.000000,events/second
1594603400,323,2.196372,0.000000,0.000000,0.000000,events/second
1594603403,323,2.152304,0.000000,0.000000,0.000000,events/second
1594603406,323,2.105669,0.000000,0.000000,0.000000,events/second
1594603409,323,2.069959,0.000000,0.000000,0.000000,events/second
1594603412,323,2.030967,0.000000,0.000000,0.000000,events/second
1594603415,323,1.993387,0.000000,0.000000,0.000000,events/second
1594603418,323,1.956454,0.000000,0.000000,0.000000,events/second
1594603421,323,1.922300,0.000000,0.000000,0.000000,events/second
1594603424,323,1.888401,0.000000,0.000000,0.000000,events/second
1594603427,323,1.855747,0.000000,0.000000,0.000000,events/second
1594603430,323,1.824577,0.000000,0.000000,0.000000,events/second
1594603433,323,1.794031,0.000000,0.000000,0.000000,events/second
1594603436,323,1.764740,0.000000,0.000000,0.000000,events/second
1594603439,323,1.736142,0.000000,0.000000,0.000000,events/second
1594603442,323,1.708624,0.000000,0.000000,0.000000,events/second
1594603445,323,1.680559,0.000000,0.000000,0.000000,events/second
1594603448,323,1.655722,0.000000,0.000000,0.000000,events/second
1594603451,323,1.630892,0.000000,0.000000,0.000000,events/second
1594603454,323,1.606603,0.000000,0.000000,0.000000,events/second
1594603457,323,1.583028,0.000000,0.000000,0.000000,events/second
1594603460,323,1.560171,0.000000,0.000000,0.000000,events/second
1594603463,323,1.537830,0.000000,0.000000,0.000000,events/second
1594603466,323,1.516204,0.000000,0.000000,0.000000,events/second
1594603469,323,1.494971,0.000000,0.000000,0.000000,events/second
1594603472,323,1.474653,0.000000,0.000000,0.000000,events/second
1594603475,323,1.454720,0.000000,0.000000,0.000000,events/second
1594603478,323,1.435246,0.000000,0.000000,0.000000,events/second
1594603481,323,1.416402,0.000000,0.000000,0.000000,events/second
1594603484,343,1.484595,0.000000,0.000000,0.000000,events/second
1594603487,343,1.465461,0.000000,0.000000,0.000000,events/second
1594603490,343,1.447024,0.000000,0.000000,0.000000,events/second
1594603493,343,1.428811,0.000000,0.000000,0.000000,events/second
1594603496,343,1.411273,0.000000,0.000000,0.000000,events/second
1594603499,343,1.394021,0.000000,0.000000,0.000000,events/second
1594603502,343,1.377265,0.000000,0.000000,0.000000,events/second
1594603505,343,1.360903,0.000000,0.000000,0.000000,events/second
1594603508,343,1.344797,0.000000,0.000000,0.000000,events/second
1594603511,343,1.329170,0.000000,0.000000,0.000000,events/second
1594603514,343,1.314064,0.000000,0.000000,0.000000,events/second
1594603517,343,1.299057,0.000000,0.000000,0.000000,events/second
1594603520,343,1.284304,0.000000,0.000000,0.000000,events/second
1594603523,343,1.270237,0.000000,0.000000,0.000000,events/second
1594603526,343,1.256234,0.000000,0.000000,0.000000,events/second
1594603529,343,1.242652,0.000000,0.000000,0.000000,events/second
1594603532,343,1.229236,0.000000,0.000000,0.000000,events/second
1594603535,343,1.216227,0.000000,0.000000,0.000000,events/second
1594603538,343,1.203352,0.000000,0.000000,0.000000,events/second
1594603541,343,1.190773,0.000000,0.000000,0.000000,events/second
1594603544,343,1.178522,0.000000,0.000000,0.000000,events/second
1594603547,343,1.166025,0.000000,0.000000,0.000000,events/second
1594603550,343,1.154682,0.000000,0.000000,0.000000,events/second
1594603553,343,1.143135,0.000000,0.000000,0.000000,events/second
1594603556,343,1.131872,0.000000,0.000000,0.000000,events/second
1594603559,343,1.120809,0.000000,0.000000,0.000000,events/second
1594603562,343,1.109961,0.000000,0.000000,0.000000,events/second
1594603565,343,1.099290,0.000000,0.000000,0.000000,events/second
1594603568,343,1.088557,0.000000,0.000000,0.000000,events/second
1594603571,343,1.078477,0.000000,0.000000,0.000000,events/second
1594603574,343,1.068441,0.000000,0.000000,0.000000,events/second
1594603577,343,1.058571,0.000000,0.000000,0.000000,events/second
1594603580,343,1.048829,0.000000,0.000000,0.000000,events/second
1594603583,343,1.039333,0.000000,0.000000,0.000000,events/second
1594603586,343,1.029967,0.000000,0.000000,0.000000,events/second
1594603589,343,1.020727,0.000000,0.000000,0.000000,events/second
1594603592,343,1.011692,0.000000,0.000000,0.000000,events/second
1594603595,343,1.002823,0.000000,0.000000,0.000000,events/second
1594603598,343,0.994144,0.000000,0.000000,0.000000,events/second
1594603601,343,0.985411,0.000000,0.000000,0.000000,events/second
1594603604,343,0.977140,0.000000,0.000000,0.000000,events/second
1594603607,343,0.968860,0.000000,0.000000,0.000000,events/second
1594603610,343,0.960726,0.000000,0.000000,0.000000,events/second
1594603613,343,0.952703,0.000000,0.000000,0.000000,events/second
1594603616,343,0.944859,0.000000,0.000000,0.000000,events/second
1594603619,343,0.937062,0.000000,0.000000,0.000000,events/second
1594603622,343,0.929188,0.000000,0.000000,0.000000,events/second
1594603625,343,0.921933,0.000000,0.000000,0.000000,events/second
1594603628,343,0.914572,0.000000,0.000000,0.000000,events/second
1594603631,343,0.907335,0.000000,0.000000,0.000000,events/second
1594603634,343,0.900187,0.000000,0.000000,0.000000,events/second
1594603637,343,0.893103,0.000000,0.000000,0.000000,events/second
1594603640,343,0.886227,0.000000,0.000000,0.000000,events/second
1594603643,343,0.879447,0.000000,0.000000,0.000000,events/second
1594603646,343,0.872549,0.000000,0.000000,0.000000,events/second
1594603649,343,0.866022,0.000000,0.000000,0.000000,events/second
1594603652,343,0.859558,0.000000,0.000000,0.000000,events/second
1594603655,343,0.853177,0.000000,0.000000,0.000000,events/second
1594603658,343,0.846817,0.000000,0.000000,0.000000,events/second
1594603661,343,0.840581,0.000000,0.000000,0.000000,events/second
1594603664,343,0.834467,0.000000,0.000000,0.000000,events/second
1594603667,343,0.828454,0.000000,0.000000,0.000000,events/second
1594603670,343,0.822460,0.000000,0.000000,0.000000,events/second
1594603673,343,0.816591,0.000000,0.000000,0.000000,events/second
1594603676,343,0.810805,0.000000,0.000000,0.000000,events/second
1594603679,343,0.805088,0.000000,0.000000,0.000000,events/second
1594603682,343,0.799447,0.000000,0.000000,0.000000,events/second
1594603685,343,0.793902,0.000000,0.000000,0.000000,events/second
1594603688,343,0.788457,0.000000,0.000000,0.000000,events/second
1594603691,343,0.783074,0.000000,0.000000,0.000000,events/second
1594603694,343,0.777720,0.000000,0.000000,0.000000,events/second
1594603697,343,0.772496,0.000000,0.000000,0.000000,events/second
1594603700,343,0.767312,0.000000,0.000000,0.000000,events/second
1594603703,343,0.762150,0.000000,0.000000,0.000000,events/second
1594603706,343,0.757131,0.000000,0.000000,0.000000,events/second
1594603709,343,0.752138,0.000000,0.000000,0.000000,events/second
1594603712,343,0.747204,0.000000,0.000000,0.000000,events/second
1594603715,343,0.742372,0.000000,0.000000,0.000000,events/second
1594603718,343,0.737604,0.000000,0.000000,0.000000,events/second
1594603721,343,0.732880,0.000000,0.000000,0.000000,events/second
1594603724,343,0.728185,0.000000,0.000000,0.000000,events/second
1594603727,343,0.723586,0.000000,0.000000,0.000000,events/second
1594603730,343,0.719040,0.000000,0.000000,0.000000,events/second
1594603733,343,0.714538,0.000000,0.000000,0.000000,events/second
1594603736,343,0.710118,0.000000,0.000000,0.000000,events/second
1594603739,343,0.705715,0.000000,0.000000,0.000000,events/second
1594603742,343,0.701390,0.000000,0.000000,0.000000,events/second
1594603745,343,0.697093,0.000000,0.000000,0.000000,events/second
1594603748,343,0.692839,0.000000,0.000000,0.000000,events/second
1594603751,343,0.688728,0.000000,0.000000,0.000000,events/second
1594603754,343,0.684601,0.000000,0.000000,0.000000,events/second
1594603757,343,0.680529,0.000000,0.000000,0.000000,events/second
1594603760,343,0.676482,0.000000,0.000000,0.000000,events/second
1594603763,343,0.672514,0.000000,0.000000,0.000000,events/second
1594603766,343,0.668513,0.000000,0.000000,0.000000,events/second
1594603769,343,0.664670,0.000000,0.000000,0.000000,events/second
1594603772,343,0.660841,0.000000,0.000000,0.000000,events/second
1594603775,343,0.657022,0.000000,0.000000,0.000000,events/second
1594603778,343,0.653298,0.000000,0.000000,0.000000,events/second
1594603781,343,0.649592,0.000000,0.000000,0.000000,events/second
1594603784,343,0.645905,0.000000,0.000000,0.000000,events/second
1594603787,343,0.642288,0.000000,0.000000,0.000000,events/second
1594603790,343,0.638711,0.000000,0.000000,0.000000,events/second
1594603793,343,0.635059,0.000000,0.000000,0.000000,events/second
1594603796,343,0.631591,0.000000,0.000000,0.000000,events/second
1594603799,343,0.628122,0.000000,0.000000,0.000000,events/second
1594603802,343,0.624738,0.000000,0.000000,0.000000,events/second
1594603805,343,0.621336,0.000000,0.000000,0.000000,events/second
1594603808,343,0.617996,0.000000,0.000000,0.000000,events/second
1594603811,343,0.614670,0.000000,0.000000,0.000000,events/second
1594603814,343,0.611369,0.000000,0.000000,0.000000,events/second
1594603817,343,0.608120,0.000000,0.000000,0.000000,events/second
1594603820,343,0.604893,0.000000,0.000000,0.000000,events/second
1594603823,343,0.601718,0.000000,0.000000,0.000000,events/second
1594603826,343,0.598561,0.000000,0.000000,0.000000,events/second
1594603829,343,0.595449,0.000000,0.000000,0.000000,events/second
1594603832,343,0.592381,0.000000,0.000000,0.000000,events/second
1594603835,343,0.589322,0.000000,0.000000,0.000000,events/second
1594603838,343,0.586265,0.000000,0.000000,0.000000,events/second
1594603841,343,0.583300,0.000000,0.000000,0.000000,events/second
1594603844,343,0.580326,0.000000,0.000000,0.000000,events/second
1594603847,343,0.577392,0.000000,0.000000,0.000000,events/second
1594603850,343,0.574494,0.000000,0.000000,0.000000,events/second
1594603853,343,0.571642,0.000000,0.000000,0.000000,events/second
1594603856,343,0.568794,0.000000,0.000000,0.000000,events/second
1594603859,343,0.565978,0.000000,0.000000,0.000000,events/second
1594603862,343,0.563190,0.000000,0.000000,0.000000,events/second
1594603865,343,0.560419,0.000000,0.000000,0.000000,events/second
1594603868,343,0.557673,0.000000,0.000000,0.000000,events/second
1594603871,343,0.554979,0.000000,0.000000,0.000000,events/second
1594603874,343,0.552293,0.000000,0.000000,0.000000,events/second
1594603877,343,0.549647,0.000000,0.000000,0.000000,events/second
1594603880,343,0.546967,0.000000,0.000000,0.000000,events/second
1594603883,343,0.544417,0.000000,0.000000,0.000000,events/second
1594603886,343,0.541835,0.000000,0.000000,0.000000,events/second
1594603889,343,0.539258,0.000000,0.000000,0.000000,events/second
1594603892,343,0.536377,0.000000,0.000000,0.000000,events/second
1594603895,343,0.534225,0.000000,0.000000,0.000000,events/second
1594603898,343,0.531760,0.000000,0.000000,0.000000,events/second
1594603901,343,0.529222,0.000000,0.000000,0.000000,events/second
1594603904,343,0.526750,0.000000,0.000000,0.000000,events/second
1594603907,343,0.524414,0.000000,0.000000,0.000000,events/second
1594603910,343,0.522002,0.000000,0.000000,0.000000,events/second
1594603913,343,0.519674,0.000000,0.000000,0.000000,events/second
1594603916,343,0.517316,0.000000,0.000000,0.000000,events/second
1594603919,343,0.514993,0.000000,0.000000,0.000000,events/second
1594603922,343,0.512663,0.000000,0.000000,0.000000,events/second
1594603925,343,0.510357,0.000000,0.000000,0.000000,events/second
1594603928,343,0.508121,0.000000,0.000000,0.000000,events/second
1594603931,343,0.505882,0.000000,0.000000,0.000000,events/second
1594603934,343,0.503649,0.000000,0.000000,0.000000,events/second
1594603937,343,0.501451,0.000000,0.000000,0.000000,events/second
1594603940,343,0.499219,0.000000,0.000000,0.000000,events/second
1594603943,343,0.497059,0.000000,0.000000,0.000000,events/second
1594603946,343,0.494916,0.000000,0.000000,0.000000,events/second
1594603949,343,0.492759,0.000000,0.000000,0.000000,events/second
1594603952,343,0.490661,0.000000,0.000000,0.000000,events/second
1594603955,343,0.488589,0.000000,0.000000,0.000000,events/second
1594603958,343,0.486505,0.000000,0.000000,0.000000,events/second
1594603961,343,0.484442,0.000000,0.000000,0.000000,events/second
1594603964,343,0.482406,0.000000,0.000000,0.000000,events/second
1594603967,343,0.480372,0.000000,0.000000,0.000000,events/second
1594603970,343,0.478357,0.000000,0.000000,0.000000,events/second
1594603973,343,0.476378,0.000000,0.000000,0.000000,events/second
1594603976,343,0.474353,0.000000,0.000000,0.000000,events/second
1594603979,343,0.472391,0.000000,0.000000,0.000000,events/second
1594603982,343,0.470467,0.000000,0.000000,0.000000,events/second
1594603985,343,0.468562,0.000000,0.000000,0.000000,events/second
1594603988,343,0.466603,0.000000,0.000000,0.000000,events/second
1594603991,343,0.464742,0.000000,0.000000,0.000000,events/second
1594603994,343,0.462873,0.000000,0.000000,0.000000,events/second
1594603997,343,0.461008,0.000000,0.000000,0.000000,events/second
1594604000,343,0.459155,0.000000,0.000000,0.000000,events/second
1594604003,343,0.457294,0.000000,0.000000,0.000000,events/second
1594604006,343,0.455474,0.000000,0.000000,0.000000,events/second
1594604009,343,0.453674,0.000000,0.000000,0.000000,events/second
1594604012,343,0.451875,0.000000,0.000000,0.000000,events/second
1594604015,343,0.450106,0.000000,0.000000,0.000000,events/second
1594604018,343,0.448345,0.000000,0.000000,0.000000,events/second
1594604021,343,0.446543,0.000000,0.000000,0.000000,events/second
1594604024,343,0.444789,0.000000,0.000000,0.000000,events/second
1594604027,343,0.443068,0.000000,0.000000,0.000000,events/second
1594604030,343,0.441367,0.000000,0.000000,0.000000,events/second
1594604033,364,0.466625,0.000000,0.000000,0.000000,events/second
1594604036,364,0.464718,0.000000,0.000000,0.000000,events/second
1594604039,364,0.463041,0.000000,0.000000,0.000000,events/second
1594604042,364,0.461295,0.000000,0.000000,0.000000,events/second
1594604045,364,0.459557,0.000000,0.000000,0.000000,events/second
1594604048,364,0.457839,0.000000,0.000000,0.000000,events/second
1594604051,364,0.456088,0.000000,0.000000,0.000000,events/second
1594604054,364,0.454397,0.000000,0.000000,0.000000,events/second
1594604057,364,0.452714,0.000000,0.000000,0.000000,events/second
1594604060,364,0.451032,0.000000,0.000000,0.000000,events/second
1594604063,364,0.449357,0.000000,0.000000,0.000000,events/second
1594604066,364,0.447706,0.000000,0.000000,0.000000,events/second
1594604069,364,0.446053,0.000000,0.000000,0.000000,events/second
1594604072,364,0.444408,0.000000,0.000000,0.000000,events/second
1594604075,364,0.442804,0.000000,0.000000,0.000000,events/second
1594604078,364,0.441186,0.000000,0.000000,0.000000,events/second
1594604081,364,0.439593,0.000000,0.000000,0.000000,events/second
1594604084,364,0.438010,0.000000,0.000000,0.000000,events/second
1594604087,364,0.436412,0.000000,0.000000,0.000000,events/second
1594604090,364,0.434860,0.000000,0.000000,0.000000,events/second
1594604093,364,0.433309,0.000000,0.000000,0.000000,events/second
1594604096,364,0.431748,0.000000,0.000000,0.000000,events/second
1594604099,364,0.430241,0.000000,0.000000,0.000000,events/second
1594604102,364,0.428717,0.000000,0.000000,0.000000,events/second
1594604105,364,0.427213,0.000000,0.000000,0.000000,events/second
1594604108,364,0.425704,0.000000,0.000000,0.000000,events/second
1594604111,364,0.424213,0.000000,0.000000,0.000000,events/second
1594604114,364,0.422735,0.000000,0.000000,0.000000,events/second
1594604117,364,0.421261,0.000000,0.000000,0.000000,events/second
1594604120,364,0.419763,0.000000,0.000000,0.000000,events/second
1594604123,364,0.418367,0.000000,0.000000,0.000000,events/second
1594604126,364,0.416928,0.000000,0.000000,0.000000,events/second
1594604129,364,0.415495,0.000000,0.000000,0.000000,events/second
1594604132,364,0.414070,0.000000,0.000000,0.000000,events/second
1594604135,364,0.412672,0.000000,0.000000,0.000000,events/second
1594604138,364,0.411281,0.000000,0.000000,0.000000,events/second
1594604141,364,0.409890,0.000000,0.000000,0.000000,events/second
1594604144,364,0.408512,0.000000,0.000000,0.000000,events/second
1594604147,364,0.407141,0.000000,0.000000,0.000000,events/second
1594604150,364,0.405781,0.000000,0.000000,0.000000,events/second
1594604153,364,0.404413,0.000000,0.000000,0.000000,events/second
1594604156,364,0.403086,0.000000,0.000000,0.000000,events/second
1594604159,364,0.401743,0.000000,0.000000,0.000000,events/second
1594604162,364,0.400424,0.000000,0.000000,0.000000,events/second
1594604165,364,0.399103,0.000000,0.000000,0.000000,events/second
1594604168,364,0.397731,0.000000,0.000000,0.000000,events/second
1594604171,364,0.396495,0.000000,0.000000,0.000000,events/second
1594604174,364,0.395208,0.000000,0.000000,0.000000,events/second
1594604177,364,0.393923,0.000000,0.000000,0.000000,events/second
1594604180,364,0.392631,0.000000,0.000000,0.000000,events/second
1594604183,364,0.391372,0.000000,0.000000,0.000000,events/second
1594604186,364,0.390093,0.000000,0.000000,0.000000,events/second
1594604189,364,0.388831,0.000000,0.000000,0.000000,events/second
1594604192,364,0.387608,0.000000,0.000000,0.000000,events/second
1594604195,364,0.386382,0.000000,0.000000,0.000000,events/second
1594604198,364,0.385170,0.000000,0.000000,0.000000,events/second
1594604201,364,0.383954,0.000000,0.000000,0.000000,events/second
1594604204,364,0.382733,0.000000,0.000000,0.000000,events/second
1594604207,364,0.381535,0.000000,0.000000,0.000000,events/second
1594604210,364,0.380340,0.000000,0.000000,0.000000,events/second
1594604213,364,0.379154,0.000000,0.000000,0.000000,events/second
1594604216,364,0.377970,0.000000,0.000000,0.000000,events/second
1594604219,364,0.376792,0.000000,0.000000,0.000000,events/second
1594604222,364,0.375631,0.000000,0.000000,0.000000,events/second
1594604225,364,0.374468,0.000000,0.000000,0.000000,events/second
1594604228,364,0.373319,0.000000,0.000000,0.000000,events/second
1594604231,364,0.372171,0.000000,0.000000,0.000000,events/second
1594604234,364,0.371040,0.000000,0.000000,0.000000,events/second
1594604237,364,0.369905,0.000000,0.000000,0.000000,events/second
1594604240,364,0.368782,0.000000,0.000000,0.000000,events/second
1594604243,364,0.367664,0.000000,0.000000,0.000000,events/second
1594604246,364,0.366544,0.000000,0.000000,0.000000,events/second
1594604249,364,0.365448,0.000000,0.000000,0.000000,events/second
1594604252,364,0.364351,0.000000,0.000000,0.000000,events/second
1594604255,364,0.363261,0.000000,0.000000,0.000000,events/second
1594604258,364,0.362052,0.000000,0.000000,0.000000,events/second
1594604261,364,0.361084,0.000000,0.000000,0.000000,events/second
1594604264,364,0.359995,0.000000,0.000000,0.000000,events/second
1594604267,364,0.358942,0.000000,0.000000,0.000000,events/second
1594604270,364,0.357903,0.000000,0.000000,0.000000,events/second
1594604273,364,0.356851,0.000000,0.000000,0.000000,events/second
1594604276,364,0.355792,0.000000,0.000000,0.000000,events/second
1594604279,364,0.354670,0.000000,0.000000,0.000000,events/second
1594604282,364,0.353711,0.000000,0.000000,0.000000,events/second
1594604285,364,0.352698,0.000000,0.000000,0.000000,events/second
1594604288,364,0.351675,0.000000,0.000000,0.000000,events/second
1594604291,364,0.350662,0.000000,0.000000,0.000000,events/second
1594604294,364,0.349651,0.000000,0.000000,0.000000,events/second
1594604297,364,0.348644,0.000000,0.000000,0.000000,events/second
1594604300,364,0.347646,0.000000,0.000000,0.000000,events/second
1594604303,364,0.346610,0.000000,0.000000,0.000000,events/second
1594604306,364,0.345665,0.000000,0.000000,0.000000,events/second
1594604309,364,0.344683,0.000000,0.000000,0.000000,events/second
1594604312,364,0.343699,0.000000,0.000000,0.000000,events/second
1594604315,364,0.342739,0.000000,0.000000,0.000000,events/second
1594604318,364,0.341768,0.000000,0.000000,0.000000,events/second
1594604321,364,0.340767,0.000000,0.000000,0.000000,events/second
1594604324,364,0.339857,0.000000,0.000000,0.000000,events/second
1594604327,364,0.338908,0.000000,0.000000,0.000000,events/second
1594604330,364,0.337957,0.000000,0.000000,0.000000,events/second
1594604333,364,0.337029,0.000000,0.000000,0.000000,events/second
1594604336,364,0.336093,0.000000,0.000000,0.000000,events/second
1594604339,364,0.335162,0.000000,0.000000,0.000000,events/second
1594604342,364,0.334241,0.000000,0.000000,0.000000,events/second
1594604345,364,0.333322,0.000000,0.000000,0.000000,events/second
1594604348,364,0.332408,0.000000,0.000000,0.000000,events/second
1594604351,364,0.331383,0.000000,0.000000,0.000000,events/second
1594604354,364,0.330596,0.000000,0.000000,0.000000,events/second
1594604357,364,0.329697,0.000000,0.000000,0.000000,events/second
1594604360,364,0.328807,0.000000,0.000000,0.000000,events/second
1594604363,364,0.327916,0.000000,0.000000,0.000000,events/second
1594604366,364,0.327034,0.000000,0.000000,0.000000,events/second
1594604369,364,0.326155,0.000000,0.000000,0.000000,events/second
1594604372,364,0.325282,0.000000,0.000000,0.000000,events/second
1594604375,364,0.324410,0.000000,0.000000,0.000000,events/second
1594604378,364,0.323494,0.000000,0.000000,0.000000,events/second
1594604381,364,0.322687,0.000000,0.000000,0.000000,events/second
1594604384,364,0.321830,0.000000,0.000000,0.000000,events/second
1594604387,364,0.320978,0.000000,0.000000,0.000000,events/second
1594604390,364,0.320131,0.000000,0.000000,0.000000,events/second
1594604393,364,0.319284,0.000000,0.000000,0.000000,events/second
1594604396,364,0.318449,0.000000,0.000000,0.000000,events/second
1594604399,364,0.317616,0.000000,0.000000,0.000000,events/second
1594604402,364,0.316787,0.000000,0.000000,0.000000,events/second
1594604405,364,0.315961,0.000000,0.000000,0.000000,events/second
1594604408,364,0.315132,0.000000,0.000000,0.000000,events/second
1594604411,364,0.314327,0.000000,0.000000,0.000000,events/second
1594604414,364,0.313514,0.000000,0.000000,0.000000,events/second
1594604417,364,0.312706,0.000000,0.000000,0.000000,events/second
1594604420,364,0.311903,0.000000,0.000000,0.000000,events/second
1594604423,364,0.311103,0.000000,0.000000,0.000000,events/second
1594604426,364,0.310307,0.000000,0.000000,0.000000,events/second
1594604429,364,0.309515,0.000000,0.000000,0.000000,events/second
1594604432,364,0.308728,0.000000,0.000000,0.000000,events/second
1594604435,364,0.307943,0.000000,0.000000,0.000000,events/second
1594604438,364,0.307158,0.000000,0.000000,0.000000,events/second
1594604441,364,0.306383,0.000000,0.000000,0.000000,events/second
1594604444,364,0.305611,0.000000,0.000000,0.000000,events/second
1594604447,364,0.304843,0.000000,0.000000,0.000000,events/second
1594604450,364,0.304074,0.000000,0.000000,0.000000,events/second
1594604453,364,0.303318,0.000000,0.000000,0.000000,events/second
1594604456,364,0.302563,0.000000,0.000000,0.000000,events/second
1594604459,364,0.301812,0.000000,0.000000,0.000000,events/second
1594604462,364,0.301062,0.000000,0.000000,0.000000,events/second
1594604465,364,0.300314,0.000000,0.000000,0.000000,events/second
1594604468,364,0.299580,0.000000,0.000000,0.000000,events/second
1594604471,364,0.298842,0.000000,0.000000,0.000000,events/second
1594604474,364,0.298109,0.000000,0.000000,0.000000,events/second
1594604477,364,0.297375,0.000000,0.000000,0.000000,events/second
1594604480,364,0.296651,0.000000,0.000000,0.000000,events/second
1594604483,364,0.295926,0.000000,0.000000,0.000000,events/second
1594604486,364,0.295208,0.000000,0.000000,0.000000,events/second
1594604489,364,0.294490,0.000000,0.000000,0.000000,events/second
1594604492,364,0.293777,0.000000,0.000000,0.000000,events/second
1594604495,364,0.292954,0.000000,0.000000,0.000000,events/second
1594604498,364,0.292359,0.000000,0.000000,0.000000,events/second
1594604501,364,0.291642,0.000000,0.000000,0.000000,events/second
1594604504,364,0.290950,0.000000,0.000000,0.000000,events/second
1594604507,364,0.290263,0.000000,0.000000,0.000000,events/second
1594604510,364,0.289568,0.000000,0.000000,0.000000,events/second
1594604513,364,0.288879,0.000000,0.000000,0.000000,events/second
1594604516,364,0.288174,0.000000,0.000000,0.000000,events/second
1594604519,364,0.287510,0.000000,0.000000,0.000000,events/second
1594604522,364,0.286831,0.000000,0.000000,0.000000,events/second
1594604525,364,0.286125,0.000000,0.000000,0.000000,events/second
1594604528,364,0.285468,0.000000,0.000000,0.000000,events/second
1594604531,364,0.284812,0.000000,0.000000,0.000000,events/second
1594604534,364,0.284142,0.000000,0.000000,0.000000,events/second
1594604537,364,0.283480,0.000000,0.000000,0.000000,events/second
1594604540,364,0.282820,0.000000,0.000000,0.000000,events/second
1594604543,364,0.282159,0.000000,0.000000,0.000000,events/second
1594604546,364,0.281508,0.000000,0.000000,0.000000,events/second
1594604549,364,0.280855,0.000000,0.000000,0.000000,events/second
1594604552,364,0.280207,0.000000,0.000000,0.000000,events/second
1594604555,364,0.279562,0.000000,0.000000,0.000000,events/second
1594604558,364,0.278918,0.000000,0.000000,0.000000,events/second
1594604561,364,0.278281,0.000000,0.000000,0.000000,events/second
1594604564,364,0.277638,0.000000,0.000000,0.000000,events/second
1594604567,364,0.277010,0.000000,0.000000,0.000000,events/second
1594604570,364,0.276380,0.000000,0.000000,0.000000,events/second
1594604573,364,0.275747,0.000000,0.000000,0.000000,events/second
1594604576,364,0.275121,0.000000,0.000000,0.000000,events/second
1594604579,364,0.274503,0.000000,0.000000,0.000000,events/second
1594604582,364,0.273881,0.000000,0.000000,0.000000,events/second
1594604585,364,0.273263,0.000000,0.000000,0.000000,events/second
1594604588,364,0.272653,0.000000,0.000000,0.000000,events/second
1594604591,364,0.272041,0.000000,0.000000,0.000000,events/second
1594604594,364,0.271428,0.000000,0.000000,0.000000,events/second
1594604597,364,0.270825,0.000000,0.000000,0.000000,events/second
1594604600,364,0.270220,0.000000,0.000000,0.000000,events/second
1594604603,364,0.269622,0.000000,0.000000,0.000000,events/second
1594604606,364,0.269026,0.000000,0.000000,0.000000,events/second
1594604609,364,0.268431,0.000000,0.000000,0.000000,events/second
1594604612,364,0.267837,0.000000,0.000000,0.000000,events/second
1594604615,364,0.267219,0.000000,0.000000,0.000000,events/second
1594604618,364,0.266659,0.000000,0.000000,0.000000,events/second
1594604621,364,0.266076,0.000000,0.000000,0.000000,events/second
1594604624,383,0.279350,0.000000,0.000000,0.000000,events/second
1594604627,383,0.278742,0.000000,0.000000,0.000000,events/second
1594604630,383,0.278131,0.000000,0.000000,0.000000,events/second
1594604633,383,0.277530,0.000000,0.000000,0.000000,events/second
1594604636,383,0.276928,0.000000,0.000000,0.000000,events/second
1594604639,383,0.276329,0.000000,0.000000,0.000000,events/second
1594604642,383,0.275732,0.000000,0.000000,0.000000,events/second
1594604645,383,0.275137,0.000000,0.000000,0.000000,events/second
1594604648,383,0.274545,0.000000,0.000000,0.000000,events/second
1594604651,383,0.273957,0.000000,0.000000,0.000000,events/second
1594604654,383,0.273370,0.000000,0.000000,0.000000,events/second
1594604657,383,0.272785,0.000000,0.000000,0.000000,events/second
1594604660,383,0.272204,0.000000,0.000000,0.000000,events/second
1594604663,383,0.271625,0.000000,0.000000,0.000000,events/second
1594604666,383,0.271049,0.000000,0.000000,0.000000,events/second
1594604669,383,0.270472,0.000000,0.000000,0.000000,events/second
1594604672,383,0.269898,0.000000,0.000000,0.000000,events/second
1594604675,383,0.269332,0.000000,0.000000,0.000000,events/second
1594604678,383,0.268761,0.000000,0.000000,0.000000,events/second
1594604681,383,0.268198,0.000000,0.000000,0.000000,events/second
1594604684,383,0.267638,0.000000,0.000000,0.000000,events/second
1594604687,383,0.267077,0.000000,0.000000,0.000000,events/second
1594604690,383,0.266520,0.000000,0.000000,0.000000,events/second
1594604693,383,0.265967,0.000000,0.000000,0.000000,events/second
1594604696,383,0.265413,0.000000,0.000000,0.000000,events/second
1594604699,383,0.264858,0.000000,0.000000,0.000000,events/second
1594604702,383,0.264313,0.000000,0.000000,0.000000,events/second
1594604705,383,0.263767,0.000000,0.000000,0.000000,events/second
1594604708,383,0.263224,0.000000,0.000000,0.000000,events/second
1594604711,383,0.262680,0.000000,0.000000,0.000000,events/second
1594604714,383,0.262143,0.000000,0.000000,0.000000,events/second
1594604717,383,0.261605,0.000000,0.000000,0.000000,events/second
1594604720,383,0.261070,0.000000,0.000000,0.000000,events/second
1594604723,383,0.260540,0.000000,0.000000,0.000000,events/second
1594604726,383,0.260007,0.000000,0.000000,0.000000,events/second
1594604729,383,0.259480,0.000000,0.000000,0.000000,events/second
1594604732,383,0.258954,0.000000,0.000000,0.000000,events/second
1594604735,383,0.258429,0.000000,0.000000,0.000000,events/second
1594604738,383,0.257907,0.000000,0.000000,0.000000,events/second
1594604741,383,0.257384,0.000000,0.000000,0.000000,events/second
1594604744,383,0.256867,0.000000,0.000000,0.000000,events/second
1594604747,383,0.256353,0.000000,0.000000,0.000000,events/second
1594604750,383,0.255841,0.000000,0.000000,0.000000,events/second
1594604753,383,0.255328,0.000000,0.000000,0.000000,events/second
1594604756,383,0.254818,0.000000,0.000000,0.000000,events/second
1594604759,383,0.254274,0.000000,0.000000,0.000000,events/second
1594604762,383,0.253804,0.000000,0.000000,0.000000,events/second
1594604765,383,0.253290,0.000000,0.000000,0.000000,events/second
1594604768,383,0.252795,0.000000,0.000000,0.000000,events/second
1594604771,383,0.252273,0.000000,0.000000,0.000000,events/second
1594604774,383,0.251785,0.000000,0.000000,0.000000,events/second
1594604777,383,0.251291,0.000000,0.000000,0.000000,events/second
1594604780,383,0.250804,0.000000,0.000000,0.000000,events/second
1594604783,383,0.250317,0.000000,0.000000,0.000000,events/second
1594604786,383,0.249830,0.000000,0.000000,0.000000,events/second
1594604789,383,0.249335,0.000000,0.000000,0.000000,events/second
1594604792,383,0.248854,0.000000,0.000000,0.000000,events/second
1594604795,383,0.248369,0.000000,0.000000,0.000000,events/second
1594604798,383,0.247888,0.000000,0.000000,0.000000,events/second
1594604801,383,0.247411,0.000000,0.000000,0.000000,events/second
1594604804,383,0.246931,0.000000,0.000000,0.000000,events/second
1594604807,383,0.246455,0.000000,0.000000,0.000000,events/second
1594604810,383,0.245978,0.000000,0.000000,0.000000,events/second
1594604813,383,0.245507,0.000000,0.000000,0.000000,events/second
1594604816,383,0.245027,0.000000,0.000000,0.000000,events/second
1594604819,383,0.244518,0.000000,0.000000,0.000000,events/second
1594604822,383,0.244100,0.000000,0.000000,0.000000,events/second
1594604825,383,0.243632,0.000000,0.000000,0.000000,events/second
1594604828,383,0.243170,0.000000,0.000000,0.000000,events/second
1594604831,383,0.242705,0.000000,0.000000,0.000000,events/second
1594604834,383,0.242246,0.000000,0.000000,0.000000,events/second
1594604837,383,0.241788,0.000000,0.000000,0.000000,events/second
1594604840,383,0.241330,0.000000,0.000000,0.000000,events/second
1594604843,383,0.240873,0.000000,0.000000,0.000000,events/second
1594604846,383,0.240404,0.000000,0.000000,0.000000,events/second
1594604849,383,0.239969,0.000000,0.000000,0.000000,events/second
1594604852,383,0.239515,0.000000,0.000000,0.000000,events/second
1594604855,383,0.239071,0.000000,0.000000,0.000000,events/second
1594604858,383,0.238624,0.000000,0.000000,0.000000,events/second
1594604861,383,0.238177,0.000000,0.000000,0.000000,events/second
1594604864,383,0.237736,0.000000,0.000000,0.000000,events/second
1594604867,383,0.237294,0.000000,0.000000,0.000000,events/second
1594604870,383,0.236855,0.000000,0.000000,0.000000,events/second
1594604873,383,0.236410,0.000000,0.000000,0.000000,events/second
1594604876,383,0.235977,0.000000,0.000000,0.000000,events/second
1594604879,383,0.235540,0.000000,0.000000,0.000000,events/second
1594604882,383,0.235109,0.000000,0.000000,0.000000,events/second
1594604885,383,0.234678,0.000000,0.000000,0.000000,events/second
1594604888,383,0.234245,0.000000,0.000000,0.000000,events/second
1594604891,383,0.233817,0.000000,0.000000,0.000000,events/second
1594604894,383,0.233390,0.000000,0.000000,0.000000,events/second
1594604897,383,0.232964,0.000000,0.000000,0.000000,events/second
1594604900,383,0.232539,0.000000,0.000000,0.000000,events/second
1594604903,383,0.232116,0.000000,0.000000,0.000000,events/second
1594604906,383,0.231695,0.000000,0.000000,0.000000,events/second
1594604909,383,0.231276,0.000000,0.000000,0.000000,events/second
1594604912,383,0.230855,0.000000,0.000000,0.000000,events/second
1594604915,383,0.230389,0.000000,0.000000,0.000000,events/second
1594604918,383,0.230024,0.000000,0.000000,0.000000,events/second
1594604921,383,0.229612,0.000000,0.000000,0.000000,events/second
1594604924,383,0.229199,0.000000,0.000000,0.000000,events/second
1594604927,383,0.228789,0.000000,0.000000,0.000000,events/second
1594604930,383,0.228379,0.000000,0.000000,0.000000,events/second
1594604933,383,0.227970,0.000000,0.000000,0.000000,events/second
1594604936,383,0.227566,0.000000,0.000000,0.000000,events/second
1594604939,383,0.227160,0.000000,0.000000,0.000000,events/second
1594604942,383,0.226757,0.000000,0.000000,0.000000,events/second
1594604945,383,0.226354,0.000000,0.000000,0.000000,events/second
1594604948,383,0.225954,0.000000,0.000000,0.000000,events/second
1594604951,383,0.225555,0.000000,0.000000,0.000000,events/second
1594604954,383,0.225157,0.000000,0.000000,0.000000,events/second
1594604957,383,0.224761,0.000000,0.000000,0.000000,events/second
1594604960,383,0.224366,0.000000,0.000000,0.000000,events/second
1594604963,383,0.223973,0.000000,0.000000,0.000000,events/second
1594604966,383,0.223577,0.000000,0.000000,0.000000,events/second
1594604969,383,0.223189,0.000000,0.000000,0.000000,events/second
1594604972,383,0.222800,0.000000,0.000000,0.000000,events/second
1594604975,383,0.222411,0.000000,0.000000,0.000000,events/second
1594604978,383,0.222026,0.000000,0.000000,0.000000,events/second
1594604981,383,0.221639,0.000000,0.000000,0.000000,events/second
1594604984,383,0.221254,0.000000,0.000000,0.000000,events/second
1594604987,383,0.220872,0.000000,0.000000,0.000000,events/second
1594604990,383,0.220491,0.000000,0.000000,0.000000,events/second
1594604993,383,0.220111,0.000000,0.000000,0.000000,events/second
1594604996,383,0.219731,0.000000,0.000000,0.000000,events/second
1594604999,383,0.219353,0.000000,0.000000,0.000000,events/second
1594605002,383,0.218978,0.000000,0.000000,0.000000,events/second
1594605005,383,0.218599,0.000000,0.000000,0.000000,events/second
1594605008,383,0.218228,0.000000,0.000000,0.000000,events/second
1594605011,383,0.217855,0.000000,0.000000,0.000000,events/second
1594605014,383,0.217485,0.000000,0.000000,0.000000,events/second
1594605017,383,0.217116,0.000000,0.000000,0.000000,events/second
1594605020,383,0.216748,0.000000,0.000000,0.000000,events/second
1594605023,383,0.216380,0.000000,0.000000,0.000000,events/second
1594605026,383,0.216015,0.000000,0.000000,0.000000,events/second
1594605029,383,0.215648,0.000000,0.000000,0.000000,events/second
1594605032,383,0.215285,0.000000,0.000000,0.000000,events/second
1594605035,383,0.214922,0.000000,0.000000,0.000000,events/second
1594605038,383,0.214562,0.000000,0.000000,0.000000,events/second
1594605041,383,0.214202,0.000000,0.000000,0.000000,events/second
1594605044,383,0.213843,0.000000,0.000000,0.000000,events/second
1594605047,383,0.213485,0.000000,0.000000,0.000000,events/second
1594605050,383,0.213129,0.000000,0.000000,0.000000,events/second
1594605053,383,0.212773,0.000000,0.000000,0.000000,events/second
1594605056,383,0.212420,0.000000,0.000000,0.000000,events/second
1594605059,383,0.212067,0.000000,0.000000,0.000000,events/second
1594605062,383,0.211715,0.000000,0.000000,0.000000,events/second
1594605065,383,0.211364,0.000000,0.000000,0.000000,events/second
1594605068,383,0.211016,0.000000,0.000000,0.000000,events/second
1594605071,383,0.210667,0.000000,0.000000,0.000000,events/second
1594605074,383,0.210320,0.000000,0.000000,0.000000,events/second
1594605077,383,0.209970,0.000000,0.000000,0.000000,events/second
1594605080,383,0.209629,0.000000,0.000000,0.000000,events/second
1594605083,383,0.209286,0.000000,0.000000,0.000000,events/second
1594605086,383,0.208940,0.000000,0.000000,0.000000,events/second
1594605089,383,0.208599,0.000000,0.000000,0.000000,events/second
1594605092,383,0.208262,0.000000,0.000000,0.000000,events/second
1594605095,383,0.207921,0.000000,0.000000,0.000000,events/second
1594605098,383,0.207582,0.000000,0.000000,0.000000,events/second
1594605101,383,0.207244,0.000000,0.000000,0.000000,events/second
1594605104,383,0.206889,0.000000,0.000000,0.000000,events/second
1594605107,383,0.206543,0.000000,0.000000,0.000000,events/second
1594605110,383,0.206230,0.000000,0.000000,0.000000,events/second
1594605113,383,0.205888,0.000000,0.000000,0.000000,events/second
1594605116,383,0.205565,0.000000,0.000000,0.000000,events/second
1594605119,383,0.205242,0.000000,0.000000,0.000000,events/second
1594605122,383,0.204872,0.000000,0.000000,0.000000,events/second
1594605125,383,0.204584,0.000000,0.000000,0.000000,events/second
1594605128,383,0.204258,0.000000,0.000000,0.000000,events/second
1594605131,383,0.203932,0.000000,0.000000,0.000000,events/second
1594605134,383,0.203596,0.000000,0.000000,0.000000,events/second
1594605137,383,0.203279,0.000000,0.000000,0.000000,events/second
1594605140,383,0.202950,0.000000,0.000000,0.000000,events/second
1594605143,383,0.202633,0.000000,0.000000,0.000000,events/second
1594605146,383,0.202314,0.000000,0.000000,0.000000,events/second
1594605149,383,0.201982,0.000000,0.000000,0.000000,events/second
1594605152,383,0.201671,0.000000,0.000000,0.000000,events/second
1594605155,383,0.201365,0.000000,0.000000,0.000000,events/second
1594605158,383,0.201048,0.000000,0.000000,0.000000,events/second
1594605161,383,0.200730,0.000000,0.000000,0.000000,events/second
1594605164,383,0.200417,0.000000,0.000000,0.000000,events/second
1594605167,383,0.200102,0.000000,0.000000,0.000000,events/second
1594605170,383,0.199787,0.000000,0.000000,0.000000,events/second
1594605173,383,0.199476,0.000000,0.000000,0.000000,events/second
1594605176,383,0.199163,0.000000,0.000000,0.000000,events/second
1594605179,383,0.198855,0.000000,0.000000,0.000000,events/second
1594605182,383,0.198546,0.000000,0.000000,0.000000,events/second
1594605185,383,0.198238,0.000000,0.000000,0.000000,events/second
1594605188,383,0.197930,0.000000,0.000000,0.000000,events/second
1594605191,383,0.197624,0.000000,0.000000,0.000000,events/second
1594605194,383,0.197312,0.000000,0.000000,0.000000,events/second
1594605197,383,0.197010,0.000000,0.000000,0.000000,events/second
1594605200,383,0.196705,0.000000,0.000000,0.000000,events/second
1594605203,404,0.207170,0.000000,0.000000,0.000000,events/second
1594605206,404,0.206857,0.000000,0.000000,0.000000,events/second
1594605209,404,0.206541,0.000000,0.000000,0.000000,events/second
1594605212,404,0.206224,0.000000,0.000000,0.000000,events/second
1594605215,404,0.205905,0.000000,0.000000,0.000000,events/second
1594605218,404,0.205594,0.000000,0.000000,0.000000,events/second
1594605221,404,0.205280,0.000000,0.000000,0.000000,events/second
1594605224,404,0.204969,0.000000,0.000000,0.000000,events/second
1594605227,404,0.204653,0.000000,0.000000,0.000000,events/second
1594605230,404,0.204345,0.000000,0.000000,0.000000,events/second
1594605233,404,0.204037,0.000000,0.000000,0.000000,events/second
1594605236,404,0.203728,0.000000,0.000000,0.000000,events/second
1594605239,404,0.203421,0.000000,0.000000,0.000000,events/second
1594605242,404,0.203114,0.000000,0.000000,0.000000,events/second
1594605245,404,0.202807,0.000000,0.000000,0.000000,events/second
1594605248,404,0.202504,0.000000,0.000000,0.000000,events/second
1594605251,404,0.202198,0.000000,0.000000,0.000000,events/second
1594605254,404,0.201894,0.000000,0.000000,0.000000,events/second
1594605257,404,0.201591,0.000000,0.000000,0.000000,events/second
1594605260,404,0.201292,0.000000,0.000000,0.000000,events/second
1594605263,404,0.200992,0.000000,0.000000,0.000000,events/second
1594605266,404,0.200689,0.000000,0.000000,0.000000,events/second
1594605269,404,0.200394,0.000000,0.000000,0.000000,events/second
1594605272,404,0.200096,0.000000,0.000000,0.000000,events/second
1594605275,404,0.199798,0.000000,0.000000,0.000000,events/second
1594605278,404,0.199499,0.000000,0.000000,0.000000,events/second
1594605281,404,0.199208,0.000000,0.000000,0.000000,events/second
1594605284,404,0.198912,0.000000,0.000000,0.000000,events/second
1594605287,404,0.198620,0.000000,0.000000,0.000000,events/second
1594605290,404,0.198327,0.000000,0.000000,0.000000,events/second
1594605293,404,0.198033,0.000000,0.000000,0.000000,events/second
1594605296,404,0.197746,0.000000,0.000000,0.000000,events/second
1594605299,404,0.197455,0.000000,0.000000,0.000000,events/second
1594605302,404,0.197164,0.000000,0.000000,0.000000,events/second
1594605305,404,0.196878,0.000000,0.000000,0.000000,events/second
1594605308,404,0.196590,0.000000,0.000000,0.000000,events/second
1594605311,404,0.196304,0.000000,0.000000,0.000000,events/second
1594605314,404,0.196018,0.000000,0.000000,0.000000,events/second
1594605317,404,0.195734,0.000000,0.000000,0.000000,events/second
1594605320,404,0.195450,0.000000,0.000000,0.000000,events/second
1594605323,404,0.195165,0.000000,0.000000,0.000000,events/second
1594605326,404,0.194884,0.000000,0.000000,0.000000,events/second
1594605329,404,0.194603,0.000000,0.000000,0.000000,events/second
1594605332,404,0.194321,0.000000,0.000000,0.000000,events/second
1594605335,404,0.194040,0.000000,0.000000,0.000000,events/second
1594605338,404,0.193763,0.000000,0.000000,0.000000,events/second
1594605341,404,0.193484,0.000000,0.000000,0.000000,events/second
1594605344,404,0.193207,0.000000,0.000000,0.000000,events/second
1594605347,404,0.192930,0.000000,0.000000,0.000000,events/second
1594605350,404,0.192654,0.000000,0.000000,0.000000,events/second
1594605353,404,0.192375,0.000000,0.000000,0.000000,events/second
1594605356,404,0.192104,0.000000,0.000000,0.000000,events/second
1594605359,404,0.191830,0.000000,0.000000,0.000000,events/second
1594605362,404,0.191557,0.000000,0.000000,0.000000,events/second
1594605365,404,0.191284,0.000000,0.000000,0.000000,events/second
1594605368,404,0.191015,0.000000,0.000000,0.000000,events/second
1594605371,404,0.190744,0.000000,0.000000,0.000000,events/second
1594605374,404,0.190469,0.000000,0.000000,0.000000,events/second
1594605377,404,0.190205,0.000000,0.000000,0.000000,events/second
1594605380,404,0.189932,0.000000,0.000000,0.000000,events/second
1594605383,404,0.189669,0.000000,0.000000,0.000000,events/second
1594605386,404,0.189402,0.000000,0.000000,0.000000,events/second
1594605389,404,0.189136,0.000000,0.000000,0.000000,events/second
1594605392,404,0.188871,0.000000,0.000000,0.000000,events/second
1594605395,404,0.188606,0.000000,0.000000,0.000000,events/second
1594605398,404,0.188342,0.000000,0.000000,0.000000,events/second
1594605401,404,0.188076,0.000000,0.000000,0.000000,events/second
1594605404,404,0.187816,0.000000,0.000000,0.000000,events/second
1594605407,404,0.187555,0.000000,0.000000,0.000000,events/second
1594605410,404,0.187295,0.000000,0.000000,0.000000,events/second
1594605413,404,0.187035,0.000000,0.000000,0.000000,events/second
1594605416,404,0.186775,0.000000,0.000000,0.000000,events/second
1594605419,404,0.186515,0.000000,0.000000,0.000000,events/second
1594605422,404,0.186257,0.000000,0.000000,0.000000,events/second
1594605425,404,0.186001,0.000000,0.000000,0.000000,events/second
1594605428,404,0.185745,0.000000,0.000000,0.000000,events/second
1594605431,404,0.185489,0.000000,0.000000,0.000000,events/second
1594605434,404,0.185233,0.000000,0.000000,0.000000,events/second
1594605437,404,0.184979,0.000000,0.000000,0.000000,events/second
1594605440,404,0.184726,0.000000,0.000000,0.000000,events/second
1594605443,404,0.184470,0.000000,0.000000,0.000000,events/second
1594605446,404,0.184218,0.000000,0.000000,0.000000,events/second
1594605449,404,0.183967,0.000000,0.000000,0.000000,events/second
1594605452,404,0.183716,0.000000,0.000000,0.000000,events/second
1594605455,404,0.183466,0.000000,0.000000,0.000000,events/second
1594605458,404,0.183216,0.000000,0.000000,0.000000,events/second
1594605461,404,0.182966,0.000000,0.000000,0.000000,events/second
1594605464,404,0.182718,0.000000,0.000000,0.000000,events/second
1594605467,404,0.182471,0.000000,0.000000,0.000000,events/second
1594605470,404,0.182224,0.000000,0.000000,0.000000,events/second
1594605473,404,0.181978,0.000000,0.000000,0.000000,events/second
1594605476,404,0.181734,0.000000,0.000000,0.000000,events/second
1594605479,404,0.181489,0.000000,0.000000,0.000000,events/second
1594605482,404,0.181245,0.000000,0.000000,0.000000,events/second
1594605485,404,0.181000,0.000000,0.000000,0.000000,events/second
1594605488,404,0.180758,0.000000,0.000000,0.000000,events/second
1594605491,404,0.180516,0.000000,0.000000,0.000000,events/second
1594605494,404,0.180274,0.000000,0.000000,0.000000,events/second
1594605497,404,0.180032,0.000000,0.000000,0.000000,events/second
1594605500,404,0.179793,0.000000,0.000000,0.000000,events/second
1594605503,404,0.179553,0.000000,0.000000,0.000000,events/second
1594605506,404,0.179314,0.000000,0.000000,0.000000,events/second
1594605509,404,0.179076,0.000000,0.000000,0.000000,events/second
1594605512,404,0.178837,0.000000,0.000000,0.000000,events/second
1594605515,404,0.178600,0.000000,0.000000,0.000000,events/second
1594605518,404,0.178364,0.000000,0.000000,0.000000,events/second
1594605521,404,0.178127,0.000000,0.000000,0.000000,events/second
1594605524,404,0.177893,0.000000,0.000000,0.000000,events/second
1594605527,404,0.177657,0.000000,0.000000,0.000000,events/second
1594605530,404,0.177424,0.000000,0.000000,0.000000,events/second
1594605533,404,0.177190,0.000000,0.000000,0.000000,events/second
1594605536,404,0.176958,0.000000,0.000000,0.000000,events/second
1594605539,404,0.176724,0.000000,0.000000,0.000000,events/second
1594605542,404,0.176494,0.000000,0.000000,0.000000,events/second
1594605545,404,0.176260,0.000000,0.000000,0.000000,events/second
1594605548,404,0.176033,0.000000,0.000000,0.000000,events/second
1594605551,404,0.175801,0.000000,0.000000,0.000000,events/second
1594605554,404,0.175573,0.000000,0.000000,0.000000,events/second
1594605557,404,0.175345,0.000000,0.000000,0.000000,events/second
1594605560,404,0.175117,0.000000,0.000000,0.000000,events/second
1594605563,404,0.174890,0.000000,0.000000,0.000000,events/second
1594605566,404,0.174661,0.000000,0.000000,0.000000,events/second
1594605569,404,0.174435,0.000000,0.000000,0.000000,events/second
1594605572,404,0.174211,0.000000,0.000000,0.000000,events/second
1594605575,404,0.173985,0.000000,0.000000,0.000000,events/second
1594605578,404,0.173762,0.000000,0.000000,0.000000,events/second
1594605581,404,0.173538,0.000000,0.000000,0.000000,events/second
1594605584,404,0.173313,0.000000,0.000000,0.000000,events/second
1594605587,404,0.173091,0.000000,0.000000,0.000000,events/second
1594605590,404,0.172869,0.000000,0.000000,0.000000,events/second
1594605593,404,0.172647,0.000000,0.000000,0.000000,events/second
1594605596,404,0.172426,0.000000,0.000000,0.000000,events/second
1594605599,404,0.172204,0.000000,0.000000,0.000000,events/second
1594605602,404,0.171986,0.000000,0.000000,0.000000,events/second
1594605605,404,0.171764,0.000000,0.000000,0.000000,events/second
1594605608,404,0.171548,0.000000,0.000000,0.000000,events/second
1594605611,404,0.171330,0.000000,0.000000,0.000000,events/second
1594605614,404,0.171111,0.000000,0.000000,0.000000,events/second
1594605617,404,0.170893,0.000000,0.000000,0.000000,events/second
1594605620,404,0.170678,0.000000,0.000000,0.000000,events/second
1594605623,404,0.170460,0.000000,0.000000,0.000000,events/second
1594605626,404,0.170246,0.000000,0.000000,0.000000,events/second
1594605629,404,0.170032,0.000000,0.000000,0.000000,events/second
1594605632,404,0.169816,0.000000,0.000000,0.000000,events/second
1594605635,404,0.169602,0.000000,0.000000,0.000000,events/second
1594605638,404,0.169390,0.000000,0.000000,0.000000,events/second
1594605641,404,0.169175,0.000000,0.000000,0.000000,events/second
1594605644,404,0.168965,0.000000,0.000000,0.000000,events/second
1594605647,404,0.168753,0.000000,0.000000,0.000000,events/second
1594605650,404,0.168540,0.000000,0.000000,0.000000,events/second
1594605653,404,0.168331,0.000000,0.000000,0.000000,events/second
1594605656,404,0.168121,0.000000,0.000000,0.000000,events/second
1594605659,404,0.167912,0.000000,0.000000,0.000000,events/second
1594605662,404,0.167703,0.000000,0.000000,0.000000,events/second
1594605665,404,0.167494,0.000000,0.000000,0.000000,events/second
1594605668,404,0.167286,0.000000,0.000000,0.000000,events/second
1594605671,404,0.167077,0.000000,0.000000,0.000000,events/second
1594605674,404,0.166871,0.000000,0.000000,0.000000,events/second
1594605677,404,0.166665,0.000000,0.000000,0.000000,events/second
1594605680,404,0.166459,0.000000,0.000000,0.000000,events/second
1594605683,404,0.166252,0.000000,0.000000,0.000000,events/second
1594605686,404,0.166046,0.000000,0.000000,0.000000,events/second
1594605689,404,0.165843,0.000000,0.000000,0.000000,events/second
1594605692,404,0.165639,0.000000,0.000000,0.000000,events/second
1594605695,404,0.165437,0.000000,0.000000,0.000000,events/second
1594605698,404,0.165233,0.000000,0.000000,0.000000,events/second
1594605701,404,0.165030,0.000000,0.000000,0.000000,events/second
1594605704,404,0.164829,0.000000,0.000000,0.000000,events/second
1594605707,404,0.164627,0.000000,0.000000,0.000000,events/second
1594605710,404,0.164414,0.000000,0.000000,0.000000,events/second
1594605713,404,0.164224,0.000000,0.000000,0.000000,events/second
1594605716,404,0.164025,0.000000,0.000000,0.000000,events/second
1594605719,404,0.163825,0.000000,0.000000,0.000000,events/second
1594605722,404,0.163625,0.000000,0.000000,0.000000,events/second
1594605725,404,0.163427,0.000000,0.000000,0.000000,events/second
1594605728,404,0.163230,0.000000,0.000000,0.000000,events/second
1594605731,404,0.163032,0.000000,0.000000,0.000000,events/second
1594605734,404,0.162835,0.000000,0.000000,0.000000,events/second
1594605737,404,0.162637,0.000000,0.000000,0.000000,events/second
1594605740,404,0.162443,0.000000,0.000000,0.000000,events/second
1594605743,404,0.162246,0.000000,0.000000,0.000000,events/second
1594605746,404,0.162051,0.000000,0.000000,0.000000,events/second
1594605749,404,0.161857,0.000000,0.000000,0.000000,events/second
1594605752,404,0.161660,0.000000,0.000000,0.000000,events/second
1594605755,404,0.161468,0.000000,0.000000,0.000000,events/second
1594605758,404,0.161273,0.000000,0.000000,0.000000,events/second
1594605761,404,0.161082,0.000000,0.000000,0.000000,events/second
1594605764,404,0.160723,0.000000,0.000000,0.000000,events/second
1594605767,404,0.160695,0.000000,0.000000,0.000000,events/second
1594605770,404,0.160505,0.000000,0.000000,0.000000,events/second
1594605773,404,0.160315,0.000000,0.000000,0.000000,events/second
1594605776,404,0.160123,0.000000,0.000000,0.000000,events/second
1594605779,404,0.159933,0.000000,0.000000,0.000000,events/second
1594605782,404,0.159744,0.000000,0.000000,0.000000,events/second
1594605785,404,0.159555,0.000000,0.000000,0.000000,events/second
1594605788,404,0.159365,0.000000,0.000000,0.000000,events/second
1594605791,404,0.159177,0.000000,0.000000,0.000000,events/second
1594605794,404,0.158987,0.000000,0.000000,0.000000,events/second
1594605797,404,0.158802,0.000000,0.000000,0.000000,events/second
1594605800,404,0.158615,0.000000,0.000000,0.000000,events/second
1594605803,404,0.158427,0.000000,0.000000,0.000000,events/second
1594605806,404,0.158243,0.000000,0.000000,0.000000,events/second
1594605809,404,0.158056,0.000000,0.000000,0.000000,events/second
1594605812,404,0.157872,0.000000,0.000000,0.000000,events/second
1594605815,425,0.165878,0.000000,0.000000,0.000000,events/second
1594605818,425,0.165681,0.000000,0.000000,0.000000,events/second
1594605821,425,0.165497,0.000000,0.000000,0.000000,events/second
1594605824,425,0.165303,0.000000,0.000000,0.000000,events/second
1594605827,425,0.165111,0.000000,0.000000,0.000000,events/second
1594605830,425,0.164917,0.000000,0.000000,0.000000,events/second
1594605833,425,0.164724,0.000000,0.000000,0.000000,events/second
1594605836,425,0.164533,0.000000,0.000000,0.000000,events/second
1594605839,425,0.164343,0.000000,0.000000,0.000000,events/second
1594605842,425,0.164153,0.000000,0.000000,0.000000,events/second
1594605845,425,0.163962,0.000000,0.000000,0.000000,events/second
1594605848,425,0.163774,0.000000,0.000000,0.000000,events/second
1594605851,425,0.163585,0.000000,0.000000,0.000000,events/second
1594605854,425,0.163397,0.000000,0.000000,0.000000,events/second
1594605857,425,0.163209,0.000000,0.000000,0.000000,events/second
1594605860,425,0.163021,0.000000,0.000000,0.000000,events/second
1594605863,425,0.162834,0.000000,0.000000,0.000000,events/second
1594605866,425,0.162646,0.000000,0.000000,0.000000,events/second
1594605869,425,0.162460,0.000000,0.000000,0.000000,events/second
1594605872,425,0.162274,0.000000,0.000000,0.000000,events/second
1594605875,425,0.162088,0.000000,0.000000,0.000000,events/second
1594605878,425,0.161903,0.000000,0.000000,0.000000,events/second
1594605881,425,0.161718,0.000000,0.000000,0.000000,events/second
1594605884,425,0.161533,0.000000,0.000000,0.000000,events/second
1594605887,425,0.161349,0.000000,0.000000,0.000000,events/second
1594605890,425,0.161166,0.000000,0.000000,0.000000,events/second
1594605893,425,0.160979,0.000000,0.000000,0.000000,events/second
1594605896,425,0.160800,0.000000,0.000000,0.000000,events/second
1594605899,425,0.160615,0.000000,0.000000,0.000000,events/second
1594605902,425,0.160427,0.000000,0.000000,0.000000,events/second
1594605905,425,0.160252,0.000000,0.000000,0.000000,events/second
1594605908,425,0.160073,0.000000,0.000000,0.000000,events/second
1594605911,425,0.159889,0.000000,0.000000,0.000000,events/second
1594605914,425,0.159712,0.000000,0.000000,0.000000,events/second
1594605917,425,0.159532,0.000000,0.000000,0.000000,events/second
1594605920,425,0.159349,0.000000,0.000000,0.000000,events/second
1594605923,425,0.159173,0.000000,0.000000,0.000000,events/second
1594605926,425,0.158994,0.000000,0.000000,0.000000,events/second
1594605929,425,0.158816,0.000000,0.000000,0.000000,events/second
1594605932,425,0.158639,0.000000,0.000000,0.000000,events/second
1594605935,425,0.158462,0.000000,0.000000,0.000000,events/second
1594605938,425,0.158285,0.000000,0.000000,0.000000,events/second
1594605941,425,0.158107,0.000000,0.000000,0.000000,events/second
1594605944,425,0.157931,0.000000,0.000000,0.000000,events/second
1594605947,425,0.157754,0.000000,0.000000,0.000000,events/second
1594605950,425,0.157578,0.000000,0.000000,0.000000,events/second
1594605953,425,0.157405,0.000000,0.000000,0.000000,events/second
1594605956,425,0.157231,0.000000,0.000000,0.000000,events/second
1594605959,425,0.157056,0.000000,0.000000,0.000000,events/second
1594605962,425,0.156882,0.000000,0.000000,0.000000,events/second
1594605965,425,0.156709,0.000000,0.000000,0.000000,events/second
1594605968,425,0.156532,0.000000,0.000000,0.000000,events/second
1594605971,425,0.156363,0.000000,0.000000,0.000000,events/second
1594605974,425,0.156190,0.000000,0.000000,0.000000,events/second
1594605977,425,0.156016,0.000000,0.000000,0.000000,events/second
1594605980,425,0.155846,0.000000,0.000000,0.000000,events/second
1594605983,425,0.155674,0.000000,0.000000,0.000000,events/second
1594605986,425,0.155504,0.000000,0.000000,0.000000,events/second
1594605989,425,0.155334,0.000000,0.000000,0.000000,events/second
1594605992,425,0.155164,0.000000,0.000000,0.000000,events/second
1594605995,425,0.154995,0.000000,0.000000,0.000000,events/second
1594605998,425,0.154825,0.000000,0.000000,0.000000,events/second
1594606001,425,0.154656,0.000000,0.000000,0.000000,events/second
1594606004,425,0.154487,0.000000,0.000000,0.000000,events/second
1594606007,425,0.154319,0.000000,0.000000,0.000000,events/second
1594606010,425,0.154151,0.000000,0.000000,0.000000,events/second
1594606013,425,0.153983,0.000000,0.000000,0.000000,events/second
1594606016,425,0.153815,0.000000,0.000000,0.000000,events/second
1594606019,425,0.153650,0.000000,0.000000,0.000000,events/second
1594606022,425,0.153483,0.000000,0.000000,0.000000,events/second
1594606025,425,0.153317,0.000000,0.000000,0.000000,events/second
1594606028,425,0.153151,0.000000,0.000000,0.000000,events/second
1594606031,425,0.152986,0.000000,0.000000,0.000000,events/second
1594606034,425,0.152821,0.000000,0.000000,0.000000,events/second
1594606037,425,0.152656,0.000000,0.000000,0.000000,events/second
1594606040,425,0.152492,0.000000,0.000000,0.000000,events/second
1594606043,425,0.152328,0.000000,0.000000,0.000000,events/second
1594606046,425,0.152164,0.000000,0.000000,0.000000,events/second
1594606049,425,0.152001,0.000000,0.000000,0.000000,events/second
1594606052,425,0.151838,0.000000,0.000000,0.000000,events/second
1594606055,425,0.151675,0.000000,0.000000,0.000000,events/second
1594606058,425,0.151513,0.000000,0.000000,0.000000,events/second
1594606061,425,0.151347,0.000000,0.000000,0.000000,events/second
1594606064,425,0.151189,0.000000,0.000000,0.000000,events/second
1594606067,425,0.151029,0.000000,0.000000,0.000000,events/second
1594606070,425,0.150865,0.000000,0.000000,0.000000,events/second
1594606073,425,0.150707,0.000000,0.000000,0.000000,events/second
1594606076,425,0.150544,0.000000,0.000000,0.000000,events/second
1594606079,425,0.150388,0.000000,0.000000,0.000000,events/second
1594606082,425,0.150228,0.000000,0.000000,0.000000,events/second
1594606085,425,0.150069,0.000000,0.000000,0.000000,events/second
1594606088,425,0.149903,0.000000,0.000000,0.000000,events/second
1594606091,425,0.149752,0.000000,0.000000,0.000000,events/second
1594606094,425,0.149593,0.000000,0.000000,0.000000,events/second
1594606097,425,0.149436,0.000000,0.000000,0.000000,events/second
1594606100,425,0.149277,0.000000,0.000000,0.000000,events/second
1594606103,425,0.149109,0.000000,0.000000,0.000000,events/second
1594606106,425,0.148960,0.000000,0.000000,0.000000,events/second
